{"file_hashes":[{"block_hashes":["Q4mfLCItESFX+v5xaV6a/KU944tEM5JoA6RTfx3y3YE=","OpVz4DNSrc3hkeStL2Y1Ha3+PLT/HKE0A5rkwaGOFug="],"block_size":4096,"path":"__TemplateIcon.jpg"},{"block_hashes":["rJSQ8+F1WnRnc5TwSeUXCQ3T95yQZnZlOPZknTwoSIs="],"block_size":4096,"path":"background.js"},{"block_hashes":["klV5x1AlUd+Mtp+Vwxu6OT3qINwLwYX6ZZIcvyqbI50="],"block_size":4096,"path":"bin/Debug/$safeprojectname$.dll"},{"block_hashes":["jVBQ9BmzW7hgC4htAphF1LAz+P3QXLoYlPdYHsBl9uU=","GC15S7hmkkjk18zKCt05wog6jLvqv50NPAcnM2gdIgE="],"block_size":4096,"path":"bin/Debug/$safeprojectname$.pdb"},{"block_hashes":["etjRk7HdB1hHDyH32Dt0bLLFZqf3YrOkm8ye7QjM5sw="],"block_size":4096,"path":"defaultOptions.js"},{"block_hashes":["cGg5qu4MMl89Yi4jqn76lv/uKkRZbU0FlEV57QFuL4k="],"block_size":4096,"path":"images/gold.png"},{"block_hashes":["vYOlY750Sx6WE0jCyDXoUpxyu16QlweNMtIn6h0etBo="],"block_size":4096,"path":"images/iron.png"},{"block_hashes":["+LBkkSt1ADscUwD6llPQBFK7fmrA8XlcsfuYg7gXZeY="],"block_size":4096,"path":"images/stone.png"},{"block_hashes":["Nna6GH86vK+yRifjxFvo+6wDgB+PGE7NFsEg4elVhMA="],"block_size":4096,"path":"images/wood.png"},{"block_hashes":["47DEQpj8HBSa+/TImW+5JCeuQeRkm5NMpJWZG3hSuFU="],"block_size":4096,"path":"iov5/iov5Alliance_Attack.js"},{"block_hashes":["x33b4YIaS3zssjIsdYJd/b5Z99TxchcItbF1JkyN8Ok="],"block_size":4096,"path":"iov5/iov5Attack.js"},{"block_hashes":["bt+XRnfCzpbiPdHlDBdOZ2vuYfAEzN/l7c7mBHtHGw4="],"block_size":4096,"path":"iov5/iov5Construction.js"},{"block_hashes":["KBWU6HQeBfm1oPDT6K42//3o+1KRT/XxpcM+yeUdMqc="],"block_size":4096,"path":"iov5/iov5Espionage.js"},{"block_hashes":["TndmzAPDUpZrB+e6nJg4GpddWOo8HFp/ttNfEnFlpgM="],"block_size":4096,"path":"iov5/iov5Executer.js"},{"block_hashes":["h9GvL2zBXlzZdnDbG9iE49bn1ZITkHfPyDCV2RMdSrI="],"block_size":4096,"path":"iov5/iov5Festival.js"},{"block_hashes":["35251hUOB0cdfoihHmTkgtTBAeAJOomSz5q3Wd+Y2u4="],"block_size":4096,"path":"iov5/iov5HideArmy.js"},{"block_hashes":["J0VcIBM0/dXtz0Iwsx2vEeXoIt0jXAEngpEC050wdfQ="],"block_size":4096,"path":"iov5/iov5HideResources.js"},{"block_hashes":["0PMVEIh1kkodcI7IWP8Or8/msx9teGM5Kl6gUTgMbK4="],"block_size":4096,"path":"iov5/iov5Incognito.js"},{"block_hashes":["RiYySYRNqBTIJo0kZHmOQFNww30B7glmPHZcR9dU/NQ="],"block_size":4096,"path":"iov5/iov5KeepAlive.js"},{"block_hashes":["LNuPZ0VnJ7fX3GSF50YpGFMRv+8902BfNYcQpxrYBus="],"block_size":4096,"path":"iov5/iov5Market.js"},{"block_hashes":["ibG9t+RqhVDUN1So86pp/a9laD7SN9UXwd1GmAeiuIc="],"block_size":4096,"path":"iov5/iov5Population.js"},{"block_hashes":["Bd8DVuB8CvFzNlZiebMgw/ShfDz7P+Kve+4HI4G4GlM="],"block_size":4096,"path":"mKIOAutomizer.csproj"},{"block_hashes":["1vySBMhAZRifZf0Kgeo1iJYnxSx7ib0JGqYMLnNaeVQ="],"block_size":4096,"path":"mKIOAutomizer.sln"},{"block_hashes":["sKez/8NoIXKsya6EKJnhm8BmRF3NaOWyE9GUmsc3wZg="],"block_size":4096,"path":"MyTemplate.vstemplate"},{"block_hashes":["klV5x1AlUd+Mtp+Vwxu6OT3qINwLwYX6ZZIcvyqbI50="],"block_size":4096,"path":"obj/Debug/$safeprojectname$.dll"},{"block_hashes":["jVBQ9BmzW7hgC4htAphF1LAz+P3QXLoYlPdYHsBl9uU=","GC15S7hmkkjk18zKCt05wog6jLvqv50NPAcnM2gdIgE="],"block_size":4096,"path":"obj/Debug/$safeprojectname$.pdb"},{"block_hashes":["2cGHsbBBzW13/8fuaZJhpVTPMhLFVDW82RPPDOgJX1o=","ba+WP5lqamKH/vGF6LaE6+Pvb3O0lw88/a331gDJ9Sw=","rICvrsrCxv+bJBJChgShh0r9XdLOEYnABTmXyeFv69Q="],"block_size":4096,"path":"obj/Debug/DesignTimeResolveAssemblyReferencesInput.cache"},{"block_hashes":["Pa3lo+mveHcm8WzLQJ9a+dblxxSZaZRf+fhlSAvw1E4="],"block_size":4096,"path":"obj/Debug/mKIOAutomizer.csproj.FileListAbsolute.txt"},{"block_hashes":["jfSMzE3r66/s+Z44oRjGU0PpEqAScvdHt+ijBSbFuo0="],"block_size":4096,"path":"obj/Debug/mKIOAutomizer.csprojResolveAssemblyReference.cache"},{"block_hashes":["47DEQpj8HBSa+/TImW+5JCeuQeRkm5NMpJWZG3hSuFU="],"block_size":4096,"path":"obj/Debug/TemporaryGeneratedFile_036C0B5B-1481-4323-8D20-8F5ADCB23D92.cs"},{"block_hashes":["47DEQpj8HBSa+/TImW+5JCeuQeRkm5NMpJWZG3hSuFU="],"block_size":4096,"path":"obj/Debug/TemporaryGeneratedFile_5937a670-0e60-4077-877b-f7221da3dda1.cs"},{"block_hashes":["47DEQpj8HBSa+/TImW+5JCeuQeRkm5NMpJWZG3hSuFU="],"block_size":4096,"path":"obj/Debug/TemporaryGeneratedFile_E7A71F73-0F8D-4B9B-B56E-8E70B10BC5D3.cs"},{"block_hashes":["9lf29By7NE+mbc731cuZQtAOsJSlo/REAOzv+CPuKWI="],"block_size":4096,"path":"options.css"},{"block_hashes":["OAzG5rvMNznfLmvrTnSQJHXzRAiHRJ2LgVZ9InKi4xk="],"block_size":4096,"path":"options.html"},{"block_hashes":["KeqhC10wTqn3j77WKdIACImX5Vqe7jdxi4sxRhLE48M=","rm9V6TbbyzzTwyEVWfmQYsh7+wgbmCvaSGoBoA3418U="],"block_size":4096,"path":"options.js"},{"block_hashes":["Q1lQAGVQ8iW//N8K0Hea5qlgTT0lvLD9t9zazZFRaPA="],"block_size":4096,"path":"Properties/AssemblyInfo.cs"}],"version":2}